tool,apk,maliciousMethods_access
droidbot,app-2120,39
droidbot,app-2222,5
droidbot,app-1987,7
droidbot,app-1334,24
droidbot,app-637,32
droidbot,app-953,22
droidbot,app-2124,3
droidbot,app-1715,35
droidbot,app-1742,24
droidbot,app-37,62
droidbot,app-42,22
droidbot,app-2370,53
droidbot,app-1430,7
droidbot,app-843,35
droidbot,app-2249,22
droidbot,app-1000,14
droidbot,app-1395,25
droidbot,app-1772,18
droidbot,app-1126,22
droidbot,app-526,7
droidbot,app-1417,52
droidbot,app-1077,37
droidbot,app-586,41
droidbot,app-2349,64
droidbot,app-681,29
droidbot,app-2111,33
droidbot,app-858,19
droidbot,app-78,23
droidbot,app-283,13
droidbot,app-2001,27
droidbot,app-837,38
droidbot,app-84,39
droidbot,app-2268,24
droidbot,app-1546,20
droidbot,app-12,45
droidbot,app-1909,29
droidbot,app-2381,4
droidbot,app-777,7
droidbot,app-2228,27
droidbot,app-1750,27
droidbot,app-2291,15
droidbot,app-2275,15
droidbot,app-2274,17
droidbot,app-1095,20
droidbot,app-470,17
droidbot,app-1240,32
droidbot,app-743,16
droidbot,app-2061,0
droidbot,app-2073,20
droidbot,app-989,22
droidbot,app-412,5
droidbot,app-1954,32
droidbot,app-1608,7
droidbot,app-52,31
droidbot,app-2309,14
droidbot,app-589,58
droidbot,app-276,10
droidbot,app-24,34
droidbot,app-1908,47
droidbot,app-710,34
droidbot,app-850,14
droidbot,app-644,22
droidbot,app-1933,30
droidbot,app-425,22
droidbot,app-1937,33
droidbot,app-2006,53
droidbot,app-196,22
droidbot,app-245,17
droidbot,app-581,22
droidbot,app-1423,34
droidbot,app-1304,34
droidbot,app-1964,33
droidbot,app-29,37
droidbot,app-2263,21
droidbot,app-747,5
droidbot,app-901,24
droidbot,app-2012,23
droidbot,app-1472,5
droidbot,app-2366,61
droidbot,app-1431,14
droidbot,app-1995,34
droidbot,app-1707,45
droidbot,app-2117,6
droidbot,app-2156,9
droidbot,app-1999,14
droidbot,app-2017,35
droidbot,app-1689,46
droidbot,app-1257,22
droidbot,app-682,27
droidbot,app-1940,31
droidbot,app-2110,20
droidbot,app-854,39
droidbot,app-781,4
droidbot,app-1753,29
droidbot,app-2252,7
droidbot,app-791,18
droidbot,app-1581,5
droidbot,app-97,34
droidbot,app-445,33
droidbot,app-380,32
droidbot,app-1694,29
droidbot,app-2089,26
droidbot,app-1720,37
droidbot,app-1858,14
droidbot,app-217,24
droidbot,app-1960,30
droidbot,app-583,21
droidbot,app-1479,14
droidbot,app-429,26
droidbot,app-1150,24
droidbot,app-2092,6
droidbot,app-2135,41
droidbot,app-1584,18
droidbot,app-1213,38
droidbot,app-1740,15
droidbot,app-1738,43
droidbot,app-709,14
droidbot,app-1076,6
droidbot,app-1159,34
droidbot,app-47,10
droidbot,app-1011,24
droidbot,app-197,22
droidbot,app-971,7
droidbot,app-1835,18
droidbot,app-1975,16
droidbot,app-944,15
droidbot,app-288,7
droidbot,app-1419,6
droidbot,app-2266,39
droidbot,app-193,22
droidbot,app-474,24
droidbot,app-616,31
droidbot,app-1135,5
droidbot,app-222,21
droidbot,app-273,13
droidbot,app-2082,5
droidbot,app-614,85
droidbot,app-569,11
droidbot,app-77,37
droidbot,app-1919,39
droidbot,app-1928,58
droidbot,app-1482,43
droidbot,app-2286,30
droidbot,app-1936,48
droidbot,app-1222,27
droidbot,app-773,27
droidbot,app-1787,15
droidbot,app-2303,47
droidbot,app-2346,6
droidbot,app-1084,36
droidbot,app-1276,28
droidbot,app-2166,6
droidbot,app-662,33
droidbot,app-648,12
droidbot,app-204,24
droidbot,app-1866,24
droidbot,app-14,45
droidbot,app-1599,28
droidbot,app-292,34
droidbot,app-1045,14
droidbot,app-494,18
droidbot,app-11,7
droidbot,app-2131,23
droidbot,app-2360,6
droidbot,app-991,28
droidbot,app-62,63
droidbot,app-2013,21
droidbot,app-954,14
droidbot,app-2233,47
droidbot,app-73,21
droidbot,app-2020,23
droidbot,app-523,22
droidbot,app-582,27
droidbot,app-753,21
droidbot,app-1266,33
droidbot,app-1071,14
droidbot,app-2057,0
droidbot,app-561,27
droidbot,app-27,21
droidbot,app-814,29
droidbot,app-328,29
droidbot,app-625,5
droidbot,app-26,18
droidbot,app-2184,20
droidbot,app-723,46
droidbot,app-1272,23
droidbot,app-871,38
droidbot,app-1894,26
droidbot,app-1636,21
droidbot,app-61,52
droidbot,app-7,18
droidbot,app-461,18
droidbot,app-2164,31
droidbot,app-1732,29
droidbot,app-802,6
droidbot,app-278,18
droidbot,app-34,12
droidbot,app-881,16
droidbot,app-2278,13
droidbot,app-64,17
droidbot,app-1543,24
droidbot,app-2285,26
droidbot,app-2018,12
droidbot,app-830,20
droidbot,app-1044,24
droidbot,app-1606,12
droidbot,app-9,45
droidbot,app-285,7
droidbot,app-1710,20
droidbot,app-1916,29
droidbot,app-1292,26
droidbot,app-1930,22
droidbot,app-1669,3
droidbot,app-2056,15
droidbot,app-2327,46
droidbot,app-1345,14
droidbot,app-478,56
droidbot,app-1534,20
droidbot,app-289,7
droidbot,app-432,4
droidbot,app-1971,26
droidbot,app-2304,21
droidbot,app-2048,22
droidbot,app-2320,8
droidbot,app-2137,23
droidbot,app-1454,10
droidbot,app-102,17
droidbot,app-335,32
droidbot,app-2032,26
droidbot,app-1492,17
droidbot,app-867,19
droidbot,app-789,20
droidbot,app-1124,26
droidbot,app-202,22
droidbot,app-291,32
droidbot,app-1618,24
droidbot,app-2355,26
droidbot,app-1758,68
droidbot,app-2257,0
droidbot,app-2179,42
droidbot,app-641,9
droidbot,app-1901,70
droidbot,app-1856,9
droidbot,app-882,30
droidbot,app-1847,21
droidbot,app-1978,86
droidbot,app-2023,5
droidbot,app-2322,12
droidbot,app-1653,22
droidbot,app-939,22
droidbot,app-761,5
droidbot,app-2242,53
droidbot,app-879,15
droidbot,app-829,27
droidbot,app-957,52
droidbot,app-917,21
droidbot,app-919,5
droidbot,app-2084,54
droidbot,app-1656,23
droidbot,app-941,83
droidbot,app-1188,7
droidbot,app-1989,9
droidbot,app-221,21
droidbot,app-2193,29
droidbot,app-760,23
droidbot,app-1105,14
droidbot,app-2347,3
droidbot,app-1530,36
droidbot,app-1663,22
droidbot,app-369,18
droidbot,app-2154,28
droidbot,app-2011,40
droidbot,app-321,31
droidbot,app-1520,30
droidbot,app-464,15
droidbot,app-1396,22
droidbot,app-1176,35
droidbot,app-1813,33
droidbot,app-2207,34
droidbot,app-2240,8
droidbot,app-295,24
droidbot,app-1926,16
droidbot,app-1069,7
droidbot,app-2041,30
droidbot,app-2373,27
droidbot,app-251,4
droidbot,app-967,17
droidbot,app-1471,31
droidbot,app-2187,18
droidbot,app-1571,3
droidbot,app-1145,14
droidbot,app-1059,3
droidbot,app-1122,20
droidbot,app-22,5
droidbot,app-2284,15
droidbot,app-2338,5
droidbot,app-1988,68
droidbot,app-2126,27
droidbot,app-1158,51
droidbot,app-1803,15
droidbot,app-1814,5
droidbot,app-1702,14
droidbot,app-1670,59
droidbot,app-1381,4
droidbot,app-1321,15
droidbot,app-2326,28
droidbot,app-1190,13
droidbot,app-1588,28
droidbot,app-1704,13
droidbot,app-1389,25
droidbot,app-624,4
droidbot,app-313,11
droidbot,app-683,18
droidbot,app-1103,7
droidbot,app-762,22
droidbot,app-86,0
droidbot,app-1453,18
droidbot,app-2075,36
droidbot,app-1254,18
droidbot,app-96,42
droidbot,app-304,68
droidbot,app-1823,21
droidbot,app-1328,13
droidbot,app-1319,19
droidbot,app-65,7
droidbot,app-1496,21
droidbot,app-2311,85
droidbot,app-752,15
droidbot,app-1693,5
droidbot,app-1310,5
droidbot,app-334,25
droidbot,app-2168,62
droidbot,app-716,26
droidbot,app-315,27
droidbot,app-1980,78
droidbot,app-2195,30
droidbot,app-1810,29
droidbot,app-1992,0
droidbot,app-1792,24
droidbot,app-1733,49
droidbot,app-937,9
droidbot,app-2295,31
droidbot,app-79,2
droidbot,app-1087,4
droidbot,app-1361,72
droidbot,app-1722,15
droidbot,app-2140,22
droidbot,app-822,12
droidbot,app-770,21
droidbot,app-610,29
droidbot,app-1692,19
droidbot,app-1297,29
droidbot,app-242,27
droidbot,app-1840,13
droidbot,app-1837,28
droidbot,app-1614,7
droidbot,app-831,27
droidbot,app-1490,27
droidbot,app-1556,15
droidbot,app-913,32
droidbot,app-385,18
droidbot,app-1587,9
droidbot,app-664,20
droidbot,app-395,8
droidbot,app-998,14
droidbot,app-2201,3
droidbot,app-75,3
droidbot,app-338,33
droidbot,app-2039,22
droidbot,app-2200,29
droidbot,app-1935,52
droidbot,app-2114,13
droidbot,app-627,4
droidbot,app-1218,20
droidbot,app-2296,30
droidbot,app-1515,21
droidbot,app-1463,34
droidbot,app-928,9
droidbot,app-2368,20
droidbot,app-481,28
droidbot,app-2051,20
droidbot,app-58,49
droidbot,app-2044,26
droidbot,app-1295,18
droidbot,app-40,31
droidbot,app-1947,32
droidbot,app-286,7
droidbot,app-580,11
droidbot,app-1235,29
droidbot,app-426,22
droidbot,app-2250,23
droidbot,app-2337,43
droidbot,app-2007,11
droidbot,app-1968,37
droidbot,app-1180,30
droidbot,app-2317,31
droidbot,app-772,34
droidbot,app-368,28
droidbot,app-2288,27
droidbot,app-942,25
droidbot,app-1459,13
droidbot,app-2348,23
droidbot,app-249,4
droidbot,app-563,4
droidbot,app-778,27
droidbot,app-1315,52
droidbot,app-1711,15
droidbot,app-908,21
droidbot,app-1402,18
droidbot,app-1387,4
droidbot,app-1225,64
droidbot,app-629,22
droidbot,app-804,47
droidbot,app-2261,23
droidbot,app-603,24
droidbot,app-2377,17
droidbot,app-719,4
droidbot,app-2292,23
droidbot,app-1234,37
droidbot,app-1364,20
droidbot,app-1335,20
droidbot,app-1532,79
droidbot,app-1002,4
droidbot,app-2230,24
droidbot,app-933,8
droidbot,app-39,40
droidbot,app-1883,56
droidbot,app-1913,32
droidbot,app-554,22
droidbot,app-923,7
droidbot,app-1020,15
droidbot,app-1605,15
droidbot,app-812,38
droidbot,app-2095,7
droidbot,app-2128,14
droidbot,app-1456,37
droidbot,app-713,44
droidbot,app-1412,7
droidbot,app-1862,31
droidbot,app-1893,38
droidbot,app-70,8
droidbot,app-2062,14
droidbot,app-833,18
droidbot,app-2265,31
droidbot,app-1367,57
droidbot,app-1041,15
droidbot,app-593,20
droidbot,app-2328,24
droidbot,app-67,52
droidbot,app-1270,22
droidbot,app-1031,4
droidbot,app-1427,21
droidbot,app-1699,14
droidbot,app-357,49
droidbot,app-1548,13
droidbot,app-3,35
droidbot,app-2005,22
droidbot,app-2132,15
droidbot,app-1728,9
droidbot,app-2316,43
droidbot,app-874,20
droidbot,app-2299,51
droidbot,app-1575,21
droidbot,app-66,9
droidbot,app-2185,21
droidbot,app-1566,32
droidbot,app-354,24
droidbot,app-1734,34
droidbot,app-2189,7
droidbot,app-1280,15
droidbot,app-2133,13
droidbot,app-2139,29
droidbot,app-466,45
droidbot,app-431,36
droidbot,app-669,15
droidbot,app-2271,22
droidbot,app-2307,15
droidbot,app-1125,17
droidbot,app-1227,7
droidbot,app-856,24
droidbot,app-91,38
droidbot,app-733,17
droidbot,app-1517,43
droidbot,app-480,7
droidbot,app-2026,31
droidbot,app-573,22
droidbot,app-952,27
droidbot,app-1085,21
droidbot,app-2380,28
droidbot,app-55,19
droidbot,app-1512,7
droidbot,app-1576,29
droidbot,app-2098,13
droidbot,app-1735,39
droidbot,app-1885,32
droidbot,app-1275,29
droidbot,app-1458,13
droidbot,app-2178,42
droidbot,app-1986,36
droidbot,app-1113,76
droidbot,app-1365,19
droidbot,app-920,23
droidbot,app-823,16
droidbot,app-294,24
droidbot,app-1974,32
droidbot,app-1939,33
droidbot,app-2107,64
droidbot,app-2213,28
droidbot,app-2314,30
droidbot,app-613,10
droidbot,app-1827,30
droidbot,app-51,37
droidbot,app-1841,13
droidbot,app-2289,43
droidbot,app-297,24
droidbot,app-85,8
droidbot,app-965,18
droidbot,app-1294,6
droidbot,app-2305,22
droidbot,app-1253,66
droidbot,app-575,26
droidbot,app-1549,4
droidbot,app-2333,19
droidbot,app-290,32
droidbot,app-1562,17
droidbot,app-252,4
droidbot,app-1938,72
droidbot,app-1376,44
droidbot,app-235,11
droidbot,app-53,25
droidbot,app-1970,27
droidbot,app-634,23
droidbot,app-1465,26
droidbot,app-853,15
droidbot,app-316,14
droidbot,app-69,24
droidbot,app-1622,29
droidbot,app-1633,25
droidbot,app-1162,28
droidbot,app-2071,28
droidbot,app-2306,29
droidbot,app-1385,15
droidbot,app-828,12
droidbot,app-1214,11
droidbot,app-2134,24
droidbot,app-1066,19
droidbot,app-309,16
droidbot,app-63,7
droidbot,app-1282,59
droidbot,app-81,39
droidbot,app-1950,21
droidbot,app-1383,13
droidbot,app-460,35
droidbot,app-94,10
droidbot,app-819,21
droidbot,app-30,36
droidbot,app-1785,23
droidbot,app-1889,32
droidbot,app-1770,31
droidbot,app-1019,14
droidbot,app-400,22
droidbot,app-33,35
droidbot,app-1394,23
droidbot,app-1252,51
droidbot,app-873,5
droidbot,app-2227,14
droidbot,app-722,28
droidbot,app-2183,36
droidbot,app-363,18
droidbot,app-756,10
droidbot,app-995,22
droidbot,app-1668,15
droidbot,app-1437,17
droidbot,app-1864,21
droidbot,app-462,23
droidbot,app-1691,20
droidbot,app-1632,56
droidbot,app-1902,31
droidbot,app-1434,31
droidbot,app-2382,17
droidbot,app-2,29
droidbot,app-1690,5
droidbot,app-2102,27
droidbot,app-1501,4
droidbot,app-1368,14
droidbot,app-2255,17
droidbot,app-1981,21
droidbot,app-1247,28
droidbot,app-2301,93
droidbot,app-2362,15
droidbot,app-1091,21
droidbot,app-2214,14
droidbot,app-620,51
droidbot,app-1712,60
droidbot,app-1819,25
droidbot,app-1407,9
droidbot,app-1232,50
droidbot,app-2021,19
droidbot,app-1312,24
droidbot,app-1136,33
droidbot,app-2300,23
droidbot,app-2351,54
droidbot,app-1036,26
droidbot,app-50,34
droidbot,app-1861,26
droidbot,app-2226,4
droidbot,app-1769,18
droidbot,app-844,29
droidbot,app-1781,7
droidbot,app-897,21
droidbot,app-2313,21
droidbot,app-6,12
droidbot,app-18,20
droidbot,app-2028,52
droidbot,app-916,33
droidbot,app-1245,23
droidbot,app-2364,48
droidbot,app-606,41
droidbot,app-2241,57
droidbot,app-1386,14
droidbot,app-2312,50
droidbot,app-100,19
droidbot,app-2237,27
droidbot,app-2256,21
droidbot,app-1382,30
droidbot,app-45,22
droidbot,app-1646,31
droidbot,app-1436,26
droidbot,app-236,48
droidbot,app-298,24
droidbot,app-1799,24
droidbot,app-931,26
droidbot,app-626,25
droidbot,app-930,15
droidbot,app-1984,43
droidbot,app-1518,24
droidbot,app-1967,31
droidbot,app-1477,24
droidbot,app-28,61
droidbot,app-1281,4
droidbot,app-750,33
droidbot,app-1115,25
droidbot,app-2163,33
droidbot,app-254,35
droidbot,app-767,20
droidbot,app-2181,42
droidbot,app-300,27
droidbot,app-72,14
droidbot,app-247,4
droidbot,app-1314,37
droidbot,app-1701,18
droidbot,app-1428,9
droidbot,app-486,18
droidbot,app-1401,24
droidbot,app-865,38
droidbot,app-1956,23
droidbot,app-2049,28
droidbot,app-2053,31
droidbot,app-1755,28
droidbot,app-404,2
droidbot,app-1163,15
droidbot,app-2273,16
droidbot,app-2210,17
droidbot,app-2004,14
droidbot,app-949,5
droidbot,app-546,18
droidbot,app-277,10
droidbot,app-2118,31
droidbot,app-970,13
droidbot,app-2115,21
droidbot,app-1604,23
droidbot,app-1891,33
droidbot,app-346,11
droidbot,app-1039,7
droidbot,app-322,14
droidbot,app-2091,22
droidbot,app-2042,19
droidbot,app-2147,53
droidbot,app-1952,33
droidbot,app-488,8
droidbot,app-48,70
droidbot,app-1671,40
droidbot,app-1118,21
droidbot,app-244,14
droidbot,app-1424,22
droidbot,app-390,33
droidbot,app-834,44
droidbot,app-2376,6
droidbot,app-1914,31
droidbot,app-1078,1
droidbot,app-2055,10
droidbot,app-1174,27
droidbot,app-2297,17
droidbot,app-2350,32
droidbot,app-2169,31
droidbot,app-2358,64
droidbot,app-2332,20
droidbot,app-869,15
droidbot,app-543,22
droidbot,app-1743,48
droidbot,app-978,14
droidbot,app-95,29
droidbot,app-2050,28
droidbot,app-2090,34
droidbot,app-450,7
droidbot,app-1934,31
droidbot,app-1639,0
droidbot,app-270,13
droidbot,app-1996,20
droidbot,app-846,31
droidbot,app-76,33
droidbot,app-2085,18
droidbot,app-985,27
droidbot,app-553,42
droidbot,app-1976,51
droidbot,app-1325,5
droidbot,app-1630,19
droidbot,app-2079,22
droidbot,app-2034,63
droidbot,app-992,20
droidbot,app-2074,8
droidbot,app-2234,21
droidbot,app-1597,24
droidbot,app-1421,35
droidbot,app-2142,6
droidbot,app-1927,38
droidbot,app-2040,20
droidbot,app-1961,32
droidbot,app-1097,4
droidbot,app-2104,29
droidbot,app-1613,54
droidbot,app-477,48
droidbot,app-1303,7
droidbot,app-60,0
droidbot,app-1564,26
droidbot,app-2000,31
droidbot,app-964,18
droidbot,app-476,50
droidbot,app-1457,54
droidbot,app-384,18
droidbot,app-455,18
droidbot,app-1079,15
droidbot,app-2203,66
droidbot,app-459,15
droidbot,app-17,52
droidbot,app-826,49
droidbot,app-1256,5
droidbot,app-396,28
droidbot,app-2067,10
droidbot,app-1366,35
droidbot,app-806,7
droidbot,app-1495,30
droidbot,app-1768,33
droidbot,app-2141,14
droidbot,app-1503,25
droidbot,app-983,15
droidbot,app-959,23
droidbot,app-2308,39
droidbot,app-1784,33
droidbot,app-359,27
droidbot,app-1620,15
droidbot,app-1030,19
droidbot,app-1809,7
droidbot,app-1911,52
droidbot,app-1554,22
droidbot,app-1654,37
droidbot,app-57,41
droidbot,app-2087,54
droidbot,app-866,35
droidbot,app-721,12
droidbot,app-839,3
droidbot,app-1152,4
droidbot,app-1805,63
droidbot,app-2206,31
droidbot,app-670,7
droidbot,app-809,13
droidbot,app-326,26
droidbot,app-510,15
droidbot,app-2231,20
droidbot,app-35,6
droidbot,app-793,22
droidbot,app-1414,5
droidbot,app-82,40
droidbot,app-715,57
droidbot,app-2331,30
droidbot,app-1277,29
droidbot,app-1522,38
droidbot,app-1274,36
droidbot,app-2269,53
droidbot,app-2212,7
droidbot,app-969,38
droidbot,app-2101,40
droidbot,app-1907,48
droidbot,app-1308,13
droidbot,app-932,9
droidbot,app-473,29
droidbot,app-1128,8
droidbot,app-1888,49
droidbot,app-2197,54
droidbot,app-979,34
droidbot,app-402,15
droidbot,app-1140,7
droidbot,app-2045,29
droidbot,app-1017,36
droidbot,app-10,21
droidbot,app-960,14
droidbot,app-1527,58
droidbot,app-855,26
droidbot,app-1005,5
droidbot,app-943,32
droidbot,app-2208,30
droidbot,app-729,22
droidbot,app-1621,28
droidbot,app-1804,5
droidbot,app-1706,29
droidbot,app-560,72
droidbot,app-1923,37
droidbot,app-1749,43
droidbot,app-2198,23
droidbot,app-1852,34
droidbot,app-1203,7
droidbot,app-1090,12
droidbot,app-1709,24
droidbot,app-92,37
droidbot,app-2030,11
droidbot,app-1164,33
droidbot,app-1793,24
droidbot,app-893,7
droidbot,app-2145,36
droidbot,app-1811,14
droidbot,app-1413,37
droidbot,app-333,22
droidbot,app-2035,46
droidbot,app-1887,30
droidbot,app-2199,20
droidbot,app-628,21
droidbot,app-2374,8
droidbot,app-2063,32
droidbot,app-2215,40
droidbot,app-956,13
droidbot,app-1700,18
droidbot,app-1284,32
droidbot,app-1859,40
droidbot,app-2202,49
droidbot,app-2353,24
droidbot,app-1034,26
droidbot,app-2038,4
droidbot,app-2334,22
droidbot,app-2024,28
droidbot,app-1104,5
droidbot,app-1931,40
droidbot,app-1929,48
droidbot,app-1744,30
droidbot,app-1195,35
droidbot,app-2106,55
droidbot,app-1070,13
droidbot,app-2329,50
droidbot,app-889,67
droidbot,app-1716,23
droidbot,app-1377,7
droidbot,app-2238,23
droidbot,app-2341,11
droidbot,app-56,8
droidbot,app-1652,9
droidbot,app-1116,3
droidbot,app-1624,36
droidbot,app-842,26
droidbot,app-382,23
droidbot,app-712,18
droidbot,app-509,43
droidbot,app-2022,33
droidbot,app-645,8
droidbot,app-2152,32
droidbot,app-2267,5
droidbot,app-2219,26
droidbot,app-15,9
droidbot,app-1884,23
droidbot,app-1538,25
droidbot,app-813,22
droidbot,app-1475,13
droidbot,app-2093,17
droidbot,app-776,19
droidbot,app-253,18
droidbot,app-805,26
droidbot,app-2319,23
droidbot,app-872,35
droidbot,app-2105,18
droidbot,app-525,5
droidbot,app-1267,12
droidbot,app-1983,26
droidbot,app-5,2
droidbot,app-246,66
droidbot,app-19,17
droidbot,app-2367,23
droidbot,app-383,29
droidbot,app-375,9
droidbot,app-2186,20
droidbot,app-745,14
droidbot,app-49,23
droidbot,app-43,9
droidbot,app-1404,29
droidbot,app-2251,38
droidbot,app-1905,36
droidbot,app-1006,12
droidbot,app-1485,7
droidbot,app-1439,17
droidbot,app-1979,34
droidbot,app-1729,28
droidbot,app-2161,35
droidbot,app-1372,15
droidbot,app-1082,14
droidbot,app-1120,7
droidbot,app-2029,49
droidbot,app-13,31
droidbot,app-89,3
droidbot,app-1181,7
droidbot,app-59,37
droidbot,app-1117,33
droidbot,app-884,28
droidbot,app-1623,8
droidbot,app-195,22
droidbot,app-327,19
droidbot,app-1875,9
droidbot,app-790,20
droidbot,app-1296,20
droidbot,app-827,27
droidbot,app-2225,9
droidbot,app-2122,38
droidbot,app-981,7
droidbot,app-2217,47
droidbot,app-1910,48
droidbot,app-493,21
droidbot,app-2144,22
droidbot,app-594,56
droidbot,app-1425,42
droidbot,app-2046,31
droidbot,app-577,17
droidbot,app-1021,9
droidbot,app-1,18
droidbot,app-1193,68
droidbot,app-362,20
droidbot,app-659,7
droidbot,app-1985,24
droidbot,app-471,15
droidbot,app-852,4
droidbot,app-1921,23
droidbot,app-1285,3
droidbot,app-324,61
droidbot,app-2116,18
droidbot,app-2254,18
droidbot,app-2310,15
droidbot,app-2352,26
droidbot,app-342,40
droidbot,app-1487,27
droidbot,app-1586,16
droidbot,app-2384,28
droidbot,app-1447,17
droidbot,app-1815,5
droidbot,app-520,33
droidbot,app-801,14
droidbot,app-1776,0
droidbot,app-2221,17
droidbot,app-74,35
droidbot,app-711,18
droidbot,app-1789,67
droidbot,app-475,15
droidbot,app-2130,26
droidbot,app-2077,17
droidbot,app-1259,22
droidbot,app-1220,63
droidbot,app-320,22
droidbot,app-1829,19
droidbot,app-2086,26
droidbot,app-2159,20
droidbot,app-1798,39
droidbot,app-2099,12
droidbot,app-2182,42
droidbot,app-194,22
droidbot,app-880,24
droidbot,app-2174,27
droidbot,app-243,27
droidbot,app-1870,13
droidbot,app-1055,22
droidbot,app-673,33
droidbot,app-667,29
droidbot,app-2171,18
droidbot,app-1344,14
droidbot,app-439,24
droidbot,app-1895,44
droidbot,app-2080,66
droidbot,app-405,2
droidbot,app-46,4
droidbot,app-2127,13
droidbot,app-23,23
droidbot,app-2318,46
droidbot,app-2281,14
droidbot,app-1432,30
droidbot,app-2016,19
droidbot,app-677,14
droidbot,app-511,59
droidbot,app-1666,62
droidbot,app-1129,22
droidbot,app-2343,47
droidbot,app-430,53
droidbot,app-280,13
droidbot,app-1153,22
droidbot,app-83,39
droidbot,app-1521,18
droidbot,app-763,26
droidbot,app-1048,41
droidbot,app-1972,70
droidbot,app-1388,33
droidbot,app-1920,34
droidbot,app-1943,45
droidbot,app-1241,33
droidbot,app-1994,17
droidbot,app-1949,44
droidbot,app-820,35
droidbot,app-1962,17
droidbot,app-2047,7
droidbot,app-68,7
droidbot,app-1948,16
droidbot,app-1958,35
droidbot,app-1892,47
droidbot,app-437,20
droidbot,app-1049,25
droidbot,app-1570,7
droidbot,app-2175,7
droidbot,app-284,37
droidbot,app-279,18
droidbot,app-1123,33
droidbot,app-2143,23
droidbot,app-16,12
droidbot,app-1673,31
droidbot,app-748,35
droidbot,app-1594,20
droidbot,app-1469,53
droidbot,app-2211,7
droidbot,app-2066,42
droidbot,app-749,45
droidbot,app-442,20
droidbot,app-938,16
droidbot,app-2357,64
droidbot,app-1119,32
droidbot,app-275,36
droidbot,app-1730,42
droidbot,app-271,13
droidbot,app-618,4
droidbot,app-2033,18
droidbot,app-1890,34
droidbot,app-2010,6
droidbot,app-2170,20
droidbot,app-605,7
droidbot,app-769,18
droidbot,app-1845,20
droidbot,app-1446,12
droidbot,app-2282,33
droidbot,app-658,5
droidbot,app-2094,46
droidbot,app-2369,31
droidbot,app-248,4
droidbot,app-71,34
droidbot,app-1300,34
droidbot,app-340,24
droidbot,app-1243,18
droidbot,app-2191,5
droidbot,app-44,63
droidbot,app-1192,21
droidbot,app-2218,0
droidbot,app-2246,29
droidbot,app-410,18
droidbot,app-835,2
droidbot,app-2138,33
droidbot,app-1175,30
droidbot,app-2340,13
droidbot,app-2342,57
droidbot,app-329,20
droidbot,app-387,7
droidbot,app-1786,42
droidbot,app-272,13
droidbot,app-1945,18
droidbot,app-602,5
droidbot,app-940,7
droidbot,app-886,19
droidbot,app-282,27
droidbot,app-877,12
droidbot,app-1561,18
droidbot,app-1287,20
droidbot,app-653,7
droidbot,app-2383,17
droidbot,app-199,22
droidbot,app-2235,23
droidbot,app-1857,21
droidbot,app-361,19
droidbot,app-2165,5
droidbot,app-1370,30
droidbot,app-1311,36
droidbot,app-1106,15
droidbot,app-296,24
droidbot,app-2015,7
droidbot,app-1378,35
droidbot,app-2325,21
droidbot,app-1196,33
droidbot,app-1714,22
droidbot,app-1500,18
droidbot,app-2150,4
droidbot,app-2173,16
droidbot,app-1898,39
droidbot,app-1867,15
droidbot,app-2009,18
droidbot,app-2363,20
droidbot,app-1230,24
droidbot,app-54,22
droidbot,app-1899,21
droidbot,app-1882,34
droidbot,app-1932,43
droidbot,app-339,50
droidbot,app-1816,27
droidbot,app-2371,17
droidbot,app-1574,3
droidbot,app-31,6
droidbot,app-639,33
droidbot,app-541,32
droidbot,app-293,24
droidbot,app-456,12
droidbot,app-739,5
droidbot,app-2260,18
droidbot,app-1977,44
droidbot,app-2372,5
droidbot,app-1886,27
droidbot,app-1337,42
droidbot,app-2160,20
droidbot,app-250,4
droidbot,app-336,37
droidbot,app-2180,42
droidbot,app-1422,13
droidbot,app-399,12
droidbot,app-1839,22
droidbot,app-1101,4
droidbot,app-2272,19
droidbot,app-1918,37
droidbot,app-1676,22
droidbot,app-2194,43
droidbot,app-1008,26
droidbot,app-1904,32
droidbot,app-1410,21
droidbot,app-2136,17
droidbot,app-21,40
droidbot,app-1677,44
droidbot,app-2069,20
droidbot,app-2072,41
droidbot,app-1806,47
droidbot,app-1686,29
droidbot,app-929,29
droidbot,app-838,4
droidbot,app-2294,5
droidbot,app-2290,21
droidbot,app-1917,39
droidbot,app-98,43
droidbot,app-20,12
droidbot,app-2229,52
droidbot,app-1957,37
droidbot,app-1900,25
droidbot,app-90,29
droidbot,app-99,42
droidbot,app-2059,39
droidbot,app-2270,27
droidbot,app-287,7
droidbot,app-101,50
droidbot,app-1293,22
droidbot,app-4,10
droidbot,app-990,27
droidbot,app-597,40
droidbot,app-264,27
droidbot,app-87,36
droidbot,app-1708,46
droidbot,app-239,17
droidbot,app-1537,28
droidbot,app-1302,22
droidbot,app-550,10
droidbot,app-1590,7
droidbot,app-2315,35
droidbot,app-2264,14
droidbot,app-1672,19
droidbot,app-966,23
droidbot,app-859,16
droidbot,app-2277,20
droidbot,app-576,32
droidbot,app-1557,71
droidbot,app-737,2
droidbot,app-1583,8
droidbot,app-1438,10
droidbot,app-356,32
droidbot,app-1872,20
droidbot,app-496,5
droidbot,app-2108,11
droidbot,app-203,24
droidbot,app-2151,3
droidbot,app-2008,4
droidbot,app-1997,26
droidbot,app-2204,20
droidbot,app-8,35
droidbot,app-1602,45
droidbot,app-80,27
